{
   "abstract" : "a TextUndo widget with syntax highlight capabilities",
   "author" : [
      "Hans Jeuken (haje@toneel.demon.nl)"
   ],
   "dynamic_config" : 0,
   "generated_by" : "ExtUtils::MakeMaker version 7.34, CPAN::Meta::Converter version 2.150010",
   "license" : [
      "unknown"
   ],
   "meta-spec" : {
      "url" : "http://search.cpan.org/perldoc?CPAN::Meta::Spec",
      "version" : 2
   },
   "name" : "Tk-CodeText",
   "no_index" : {
      "directory" : [
         "t",
         "inc"
      ]
   },
   "prereqs" : {
      "build" : {
         "requires" : {
            "ExtUtils::MakeMaker" : "0"
         }
      },
      "configure" : {
         "requires" : {
            "ExtUtils::MakeMaker" : "0"
         }
      },
      "runtime" : {
         "requires" : {
            "Syntax::Highlight::Perl" : "0",
            "Tk" : "800.024"
         }
      }
   },
   "release_status" : "stable",
   "version" : "v0.3.4",
   "x_serialization_backend" : "JSON::PP version 2.97001"
}
